ts_datenstand,ts_download,bundesland,bundesland_iso,RS,impfungen_neu,indikation_nach_alter,berufliche_indikation,medizinische_indikation,pflegeheim_bewohner_in,notes,x8,impfungen_pro_1_000_einwohner,x9,x10,indikation_nach_alter_neu,medizinische_indikation_neu,berufliche_indikation_neu,pflegeheim_bewohner_in_neu
2020-12-28T15:15:00Z,2020-12-28T14:39:57Z,Baden-Württemberg,BW,08,NA,624,964,151,NA,in einigen Bundesländern werden nicht alle der in der Tabelle aufgeführten Indikationen einzeln ausgewiesen,NA,NA,NA,NA,624,151,964,NA
2020-12-29T07:00:00Z,2020-12-30T10:09:36Z,Baden-Württemberg,BW,08,2560,1720,1877,326,192,einschl. Korrekturmeldung vom 27.12.20,NA,NA,NA,NA,1096,175,913,192
2020-12-30T10:00:00Z,2020-12-30T19:07:30Z,Baden-Württemberg,BW,08,3509,3243,2994,517,933,NA,NA,NA,NA,NA,1523,191,1117,741
2020-12-31T07:30:00Z,2020-12-31T12:20:43Z,Baden-Württemberg,BW,08,4407,5347,4196,763,1831,NA,NA,NA,NA,NA,2104,246,1202,898
2021-01-01T11:30:00Z,2021-01-01T13:31:06Z,Baden-Württemberg,BW,08,4295,7578,5423,1037,2693,NA,NA,NA,NA,NA,2231,274,1227,862
2021-01-02T07:00:00Z,2021-01-02T14:39:57Z,Baden-Württemberg,BW,08,2958,9087,6185,1189,3403,NA,NA,NA,NA,NA,1509,152,762,710
2021-01-03T07:00:00Z,2021-01-03T12:06:44Z,Baden-Württemberg,BW,08,4014,11041,7428,1382,4200,NA,NA,NA,NA,NA,1954,193,1243,797
2021-01-04T11:00:00Z,2021-01-04T12:06:45Z,Baden-Württemberg,BW,08,3390,12584,8739,1469,4932,NA,NA,2.473245544257258,NA,NA,1543,87,1311,732
2021-01-05T11:00:00Z,2021-01-05T12:25:59Z,Baden-Württemberg,BW,08,4758,15546,9828,1716,5642,NA,NA,2.8991763715774415,NA,NA,2962,247,1089,710
2021-01-05T11:00:00Z,2021-01-05T14:40:04Z,Baden-Württemberg,BW,08,4758,15546,9828,1716,5642,NA,NA,2.8991763715774415,NA,NA,0,0,0,0
2021-01-06T10:00:00Z,2021-01-06T11:25:55Z,Baden-Württemberg,BW,08,5621,18907,11336,2023,6476,NA,NA,3.4088880088400466,NA,NA,3361,307,1508,834
2021-01-07T10:00:00Z,2021-01-07T11:26:32Z,Baden-Württemberg,BW,08,4971,22030,12661,2303,7340,NA,NA,3.864637597548339,NA,NA,3123,280,1325,864
2021-01-08T10:00:00Z,2021-01-08T11:29:29Z,Baden-Württemberg,BW,08,6180,25827,14560,2433,8088,NA,NA,4.423536678067463,NA,NA,3797,130,1899,748
2021-01-09T10:00:00Z,2021-01-09T16:21:48Z,Baden-Württemberg,BW,08,6213,29263,16514,2561,9100,NA,NA,4.983606888187933,NA,NA,3436,128,1954,1012
2021-01-11T10:00:00Z,2021-01-11T12:31:26Z,Baden-Württemberg,BW,08,4369,35369,19392,2838,10274,NA,NA,5.899610410225078,NA,NA,6106,277,2878,1174
2021-01-12T10:00:00Z,2021-01-12T11:38:30Z,Baden-Württemberg,BW,08,5286,38372,20848,2909,11326,NA,NA,6.646250574529156,NA,NA,3003,71,1456,1052
2021-01-13T10:00:00Z,2021-01-13T12:40:02Z,Baden-Württemberg,BW,08,5869,41457,22519,2980,12781,NA,NA,6.915250035269018,NA,NA,3085,71,1671,1455
2021-01-13T10:00:00Z,2021-01-13T14:40:05Z,Baden-Württemberg,BW,08,5869,41457,22519,2980,12781,NA,NA,6.915250035269018,NA,NA,0,0,0,0
2021-01-14T10:00:00Z,2021-01-14T12:40:09Z,Baden-Württemberg,BW,08,5538,44631,24154,3032,13719,NA,NA,7.414151245442279,NA,NA,3174,52,1635,938
2021-01-15T10:00:00Z,2021-01-15T12:39:03Z,Baden-Württemberg,BW,08,6872,49161,26901,3175,17614,NA,NA,8.366189524443906,NA,NA,4530,143,2747,3895
2021-01-16T10:00:00Z,2021-01-16T13:50:13Z,Baden-Württemberg,BW,08,6708,52522,29956,3348,19421,NA,NA,9.023373404583658,NA,NA,3361,173,3055,1807
2020-12-28T15:15:00Z,2020-12-28T14:39:57Z,Bayern,BY,09,NA,994,1051,68,1620,NA,NA,NA,NA,NA,994,68,1051,1620
2020-12-29T07:00:00Z,2020-12-30T10:09:36Z,Bayern,BY,09,1830,1457,1830,91,2423,NA,NA,NA,NA,NA,463,23,779,803
2020-12-30T10:00:00Z,2020-12-30T19:07:30Z,Bayern,BY,09,7716,3010,5573,214,5314,NA,NA,NA,NA,NA,1553,123,3743,2891
2020-12-31T07:30:00Z,2020-12-31T12:20:43Z,Bayern,BY,09,15104,5831,13981,424,10347,NA,NA,NA,NA,NA,2821,210,8408,5033
2021-01-01T11:30:00Z,2021-01-01T13:31:06Z,Bayern,BY,09,9749,7840,18450,718,14265,NA,NA,NA,NA,NA,2009,294,4469,3918
2021-01-02T07:00:00Z,2021-01-02T14:39:57Z,Bayern,BY,09,1050,7840,19500,718,14265,NA,(Nachmeldungen für den 01.01. bereits für morgen angekündigt),NA,NA,NA,0,0,1050,0
2021-01-03T07:00:00Z,2021-01-03T12:06:44Z,Bayern,BY,09,11742,12855,25636,1091,20428,NA,NA,NA,NA,NA,5015,373,6136,6163
2021-01-04T11:00:00Z,2021-01-04T12:06:45Z,Bayern,BY,09,8425,15480,31755,1280,23823,NA,NA,5.048329730340502,NA,NA,2625,189,6119,3395
2021-01-05T11:00:00Z,2021-01-05T12:25:59Z,Bayern,BY,09,11618,18188,38306,1554,26500,NA,NA,5.933528420417111,NA,NA,2708,274,6551,2677
2021-01-05T11:00:00Z,2021-01-05T14:40:04Z,Bayern,BY,09,11618,18188,38306,1554,26500,NA,NA,5.933528420417111,NA,NA,0,0,0,0
2021-01-06T10:00:00Z,2021-01-06T11:25:55Z,Bayern,BY,09,4873,18957,40959,1573,28182,NA,NA,6.304812050710044,NA,NA,769,19,2653,1682
2021-01-07T10:00:00Z,2021-01-07T11:26:32Z,Bayern,BY,09,1600,19266,41737,1595,28908,NA,NA,6.426719255402984,NA,NA,309,22,778,726
2021-01-08T10:00:00Z,2021-01-08T11:29:29Z,Bayern,BY,09,4567,20212,44516,1609,30110,NA,NA,6.774688132798395,NA,NA,946,14,2779,1202
2021-01-09T10:00:00Z,2021-01-09T16:21:48Z,Bayern,BY,09,5050,20665,47801,1676,31568,NA,NA,7.159457747610486,NA,NA,453,67,3285,1458
2021-01-11T10:00:00Z,2021-01-11T12:31:26Z,Bayern,BY,09,12109,27674,59598,2117,41058,NA,NA,9.153402464369382,NA,NA,7009,441,11797,9490
2021-01-12T10:00:00Z,2021-01-12T11:38:30Z,Bayern,BY,09,15850,31681,68550,2310,44715,NA,NA,10.361045710858816,NA,NA,4007,193,8952,3657
2021-01-13T10:00:00Z,2021-01-13T12:40:02Z,Bayern,BY,09,14525,35434,76344,2606,48443,NA,NA,11.46773455346191,NA,NA,3753,296,7794,3728
2021-01-13T10:00:00Z,2021-01-13T14:40:05Z,Bayern,BY,09,14525,35434,76344,2606,48443,NA,NA,11.46773455346191,NA,NA,0,0,0,0
2021-01-14T10:00:00Z,2021-01-14T12:40:09Z,Bayern,BY,09,17404,40128,84910,2880,53456,NA,NA,12.793780172509361,NA,NA,4694,274,8566,5013
2021-01-15T10:00:00Z,2021-01-15T12:39:03Z,Bayern,BY,09,15658,44096,93673,3143,57247,NA,NA,13.986794554435644,NA,NA,3968,263,8763,3791
2021-01-16T10:00:00Z,2021-01-16T13:50:13Z,Bayern,BY,09,15034,47873,102769,3487,60466,NA,NA,15.132265126531678,NA,NA,3777,344,9096,3219
2020-12-28T15:15:00Z,2020-12-28T14:39:57Z,Berlin,BE,11,NA,1416,228,105,1398,NA,NA,NA,NA,NA,1416,105,228,1398
2020-12-29T07:00:00Z,2020-12-30T10:09:36Z,Berlin,BE,11,2213,3340,517,105,3322,NA,NA,NA,NA,NA,1924,0,289,1924
2020-12-30T10:00:00Z,2020-12-30T19:07:30Z,Berlin,BE,11,2457,4918,1396,105,4899,NA,NA,NA,NA,NA,1578,0,879,1577
2020-12-31T07:30:00Z,2020-12-31T12:20:43Z,Berlin,BE,11,2788,6554,2733,105,6350,NA,NA,NA,NA,NA,1636,0,1337,1451
2021-01-01T11:30:00Z,2021-01-01T13:31:06Z,Berlin,BE,11,2030,7029,2952,105,8161,NA,NA,NA,NA,NA,475,0,219,1811
2021-01-02T07:00:00Z,2021-01-02T14:39:57Z,Berlin,BE,11,2023,8662,3319,105,9817,NA,NA,NA,NA,NA,1633,0,367,1656
2021-01-03T07:00:00Z,2021-01-03T12:06:44Z,Berlin,BE,11,1443,9817,3647,105,10968,NA,NA,NA,NA,NA,1155,0,328,1151
2021-01-04T11:00:00Z,2021-01-04T12:06:45Z,Berlin,BE,11,935,10507,6132,105,11625,NA,NA,4.839363279539315,NA,NA,690,0,2485,657
2021-01-05T11:00:00Z,2021-01-05T12:25:59Z,Berlin,BE,11,1631,11608,6783,105,12575,NA,NA,5.28383909375987,NA,NA,1101,0,651,950
2021-01-05T11:00:00Z,2021-01-05T14:40:04Z,Berlin,BE,11,1631,11608,6783,105,12575,NA,NA,5.28383909375987,NA,NA,0,0,0,0
2021-01-06T10:00:00Z,2021-01-06T11:25:55Z,Berlin,BE,11,2566,13487,7648,105,14247,NA,NA,5.983118639615141,NA,NA,1879,0,865,1672
2021-01-07T10:00:00Z,2021-01-07T11:26:32Z,Berlin,BE,11,2204,15037,8402,105,15272,NA,NA,6.583746901136969,NA,NA,1550,0,754,1025
2021-01-08T10:00:00Z,2021-01-08T11:29:29Z,Berlin,BE,11,2247,16673,9109,105,16773,NA,NA,7.196093409140396,NA,NA,1636,0,707,1501
2021-01-09T10:00:00Z,2021-01-09T16:21:48Z,Berlin,BE,11,2465,18591,9676,105,18171,NA,NA,7.867848701631916,NA,NA,1918,0,567,1398
2021-01-11T10:00:00Z,2021-01-11T12:31:26Z,Berlin,BE,11,1026,21120,10308,105,19661,NA,NA,8.724370764228608,NA,NA,2529,0,632,1490
2021-01-12T10:00:00Z,2021-01-12T11:38:30Z,Berlin,BE,11,1784,22634,10632,105,20422,NA,NA,9.210541734534843,NA,NA,1514,0,324,761
2021-01-13T10:00:00Z,2021-01-13T12:40:02Z,Berlin,BE,11,2095,24446,11010,105,21428,NA,NA,9.781465603812626,NA,NA,1812,0,378,1006
2021-01-13T10:00:00Z,2021-01-13T14:40:05Z,Berlin,BE,11,2095,24446,11010,105,21428,NA,NA,9.781465603812626,NA,NA,0,0,0,0
2021-01-14T10:00:00Z,2021-01-14T12:40:09Z,Berlin,BE,11,2515,26527,11540,105,22520,NA,NA,10.466846764306004,NA,NA,2081,0,530,1092
2021-01-15T10:00:00Z,2021-01-15T12:39:03Z,Berlin,BE,11,2196,28323,17386,105,23282,NA,NA,12.535253526987804,NA,NA,1796,0,5846,762
2021-01-16T10:00:00Z,2021-01-16T13:50:13Z,Berlin,BE,11,2546,30563,17738,105,24288,NA,NA,13.22908272564233,NA,NA,2240,0,352,1006
2020-12-28T15:15:00Z,2020-12-28T14:39:57Z,Brandenburg,BB,12,NA,80,20,NA,12,NA,NA,NA,NA,NA,80,NA,20,12
2020-12-29T07:00:00Z,2020-12-30T10:09:36Z,Brandenburg,BB,12,75,60,47,NA,60,einschl. Korrekturmeldung vom 27.12.20,NA,NA,NA,NA,-20,NA,27,48
2020-12-30T10:00:00Z,2020-12-30T19:07:30Z,Brandenburg,BB,12,1442,110,1430,13,123,NA,NA,NA,NA,NA,50,13,1383,63
2020-12-31T07:30:00Z,2020-12-31T12:20:43Z,Brandenburg,BB,12,1483,204,2812,20,224,NA,NA,NA,NA,NA,94,7,1382,101
2021-01-01T11:30:00Z,2021-01-01T13:31:06Z,Brandenburg,BB,12,183,204,2995,20,224,NA,NA,NA,NA,NA,0,0,183,0
2021-01-02T07:00:00Z,2021-01-02T14:39:57Z,Brandenburg,BB,12,NA,204,2995,20,224,NA,(für den 01.01. wurde nicht gemeldet),NA,NA,NA,0,0,0,0
2021-01-03T07:00:00Z,2021-01-03T12:06:44Z,Brandenburg,BB,12,NA,204,2995,20,224,NA,(keine Meldung für den 02.01.; Nachmeldung erfolgt am 04.01.2020),NA,NA,NA,0,0,0,0
2021-01-04T11:00:00Z,2021-01-04T12:06:45Z,Brandenburg,BB,12,NA,204,3085,20,224,NA,NA,1.3121095938646088,(Meldung vom 03.01. steht noch aus),NA,0,0,90,0
2021-01-05T11:00:00Z,2021-01-05T12:25:59Z,Brandenburg,BB,12,25,227,3087,20,224,NA,NA,1.3220227820926582,NA,NA,23,0,2,0
2021-01-05T11:00:00Z,2021-01-05T14:40:04Z,Brandenburg,BB,12,25,227,3087,20,224,NA,NA,1.3220227820926582,NA,NA,0,0,0,0
2021-01-06T10:00:00Z,2021-01-06T11:25:55Z,Brandenburg,BB,12,2070,287,5097,20,224,NA,NA,2.1428347673751422,NA,NA,60,0,2010,0
2021-01-07T10:00:00Z,2021-01-07T11:26:32Z,Brandenburg,BB,12,2778,436,7724,21,433,NA,NA,3.2443882432759836,NA,NA,149,1,2627,209
2021-01-08T10:00:00Z,2021-01-08T11:29:29Z,Brandenburg,BB,12,3299,1029,10391,53,558,NA,NA,4.552532561849373,NA,NA,593,32,2667,125
2021-01-09T10:00:00Z,2021-01-09T16:21:48Z,Brandenburg,BB,12,2414,1608,12192,87,908,NA,NA,5.509750017149815,NA,NA,579,34,1801,350
2021-01-11T10:00:00Z,2021-01-11T12:31:26Z,Brandenburg,BB,12,0,1682,12236,87,982,NA,NA,5.5763666420423075,NA,NA,74,0,44,74
2021-01-12T10:00:00Z,2021-01-12T11:38:30Z,Brandenburg,BB,12,1028,2426,12430,118,1162,NA,NA,5.9839969419796954,NA,NA,744,31,194,180
2021-01-13T10:00:00Z,2021-01-13T12:40:02Z,Brandenburg,BB,12,4499,3920,15352,193,2009,NA,NA,7.767974295499452,NA,NA,1494,75,2922,847
2021-01-13T10:00:00Z,2021-01-13T14:40:05Z,Brandenburg,BB,12,4499,3920,15352,193,2009,NA,NA,7.767974295499452,NA,NA,0,0,0,0
2021-01-14T10:00:00Z,2021-01-14T12:40:09Z,Brandenburg,BB,12,7512,5612,21079,212,2545,NA,NA,10.746689094263713,NA,NA,1692,19,5727,536
2021-01-15T10:00:00Z,2021-01-15T12:39:03Z,Brandenburg,BB,12,5694,7410,25370,268,3545,NA,NA,13.18969520118419,NA,NA,1798,56,4291,1000
2021-01-16T10:00:00Z,2021-01-16T13:50:13Z,Brandenburg,BB,12,4195,9067,28119,343,4502,NA,NA,15.065270413931122,NA,NA,1657,75,2749,957
2020-12-28T15:15:00Z,2020-12-28T14:39:57Z,Bremen,HB,04,NA,205,87,NA,NA,in einigen Bundesländern werden nicht alle der in der Tabelle aufgeführten Indikationen einzeln ausgewiesen,NA,NA,NA,NA,205,NA,87,NA
2020-12-29T07:00:00Z,2020-12-30T10:09:36Z,Bremen,HB,04,174,276,133,NA,278,einschl. Korrekturmeldung vom 27.12.20,NA,NA,NA,NA,71,NA,46,278
2020-12-30T10:00:00Z,2020-12-30T19:07:30Z,Bremen,HB,04,467,528,201,3,579,NA,NA,NA,NA,NA,252,3,68,301
2020-12-31T07:30:00Z,2020-12-31T12:20:43Z,Bremen,HB,04,601,821,408,5,510,NA,NA,NA,NA,NA,293,2,207,-69
2021-01-01T11:30:00Z,2021-01-01T13:31:06Z,Bremen,HB,04,50,821,408,6,237,NA,NA,NA,NA,NA,0,1,0,-273
2021-01-02T07:00:00Z,2021-01-02T14:39:57Z,Bremen,HB,04,NA,821,408,6,237,NA,NA,NA,NA,NA,0,0,0,0
2021-01-03T07:00:00Z,2021-01-03T12:06:44Z,Bremen,HB,04,96,824,465,9,265,NA,NA,NA,NA,NA,3,3,57,28
2021-01-04T11:00:00Z,2021-01-04T12:06:45Z,Bremen,HB,04,66,824,506,9,289,NA,NA,2.793591328269735,NA,NA,0,0,41,24
2021-01-05T11:00:00Z,2021-01-05T12:25:59Z,Bremen,HB,04,700,942,811,18,651,NA,NA,3.894586334156388,NA,NA,118,9,305,362
2021-01-05T11:00:00Z,2021-01-05T14:40:04Z,Bremen,HB,04,700,942,811,18,651,NA,NA,3.894586334156388,NA,NA,0,0,0,0
2021-01-06T10:00:00Z,2021-01-06T11:25:55Z,Bremen,HB,04,518,982,1062,29,892,NA,NA,4.690238725077142,NA,NA,40,11,251,241
2021-01-07T10:00:00Z,2021-01-07T11:26:32Z,Bremen,HB,04,630,1018,1397,31,1182,NA,NA,5.615074530021932,NA,NA,36,2,335,290
2021-01-08T10:00:00Z,2021-01-08T11:29:29Z,Bremen,HB,04,621,1033,1764,34,1491,NA,NA,6.61331000202583,NA,NA,15,3,367,309
2021-01-09T10:00:00Z,2021-01-09T16:21:48Z,Bremen,HB,04,720,1054,2103,42,1924,NA,NA,7.767152768195044,NA,NA,21,8,339,433
2021-01-11T10:00:00Z,2021-01-11T12:31:26Z,Bremen,HB,04,491,1070,2607,43,2426,NA,NA,9.252762029471436,NA,NA,16,1,504,502
2021-01-12T10:00:00Z,2021-01-12T11:38:30Z,Bremen,HB,04,682,1073,2993,44,2733,NA,NA,10.27448539493425,NA,NA,3,1,386,307
2021-01-13T10:00:00Z,2021-01-13T12:40:02Z,Bremen,HB,04,753,1104,3346,60,3115,NA,NA,11.381352374185632,NA,NA,31,16,353,382
2021-01-13T10:00:00Z,2021-01-13T14:40:05Z,Bremen,HB,04,753,1104,3346,60,3115,NA,NA,11.381352374185632,NA,NA,0,0,0,0
2021-01-14T10:00:00Z,2021-01-14T12:40:09Z,Bremen,HB,04,1137,1181,4066,88,3420,NA,NA,13.050460803109797,NA,NA,77,28,720,305
2021-01-15T10:00:00Z,2021-01-15T12:39:03Z,Bremen,HB,04,1099,1197,4786,89,3927,NA,NA,14.87664451954046,NA,NA,16,1,720,507
2021-01-16T10:00:00Z,2021-01-16T13:50:13Z,Bremen,HB,04,899,1246,5427,89,4135,NA,NA,16.196370533263263,NA,NA,49,0,641,208
2020-12-28T15:15:00Z,2020-12-28T14:39:57Z,Hamburg,HH,02,NA,197,222,0,223,NA,NA,NA,NA,NA,197,0,222,223
2020-12-29T07:00:00Z,2020-12-30T10:09:36Z,Hamburg,HH,02,626,507,471,NA,600,NA,NA,NA,NA,NA,310,NA,249,377
2020-12-30T10:00:00Z,2020-12-30T19:07:30Z,Hamburg,HH,02,428,704,661,0,839,NA,NA,NA,NA,NA,197,0,190,239
2020-12-31T07:30:00Z,2020-12-31T12:20:43Z,Hamburg,HH,02,541,832,1042,NA,999,NA,NA,NA,NA,NA,128,NA,381,160
2021-01-01T11:30:00Z,2021-01-01T13:31:06Z,Hamburg,HH,02,719,1129,1420,NA,1341,NA,NA,NA,NA,NA,297,NA,378,342
2021-01-02T07:00:00Z,2021-01-02T14:39:57Z,Hamburg,HH,02,283,1129,1703,NA,1341,NA,NA,NA,NA,NA,0,NA,283,0
2021-01-03T07:00:00Z,2021-01-03T12:06:44Z,Hamburg,HH,02,662,1439,2010,NA,1696,NA,NA,NA,NA,NA,310,NA,307,355
2021-01-04T11:00:00Z,2021-01-04T12:06:45Z,Hamburg,HH,02,436,1616,2189,0,1953,NA,NA,2.2411656659916104,NA,NA,177,0,179,257
2021-01-05T11:00:00Z,2021-01-05T12:25:59Z,Hamburg,HH,02,616,1704,2698,0,2060,NA,NA,2.5746337940715214,NA,NA,88,0,509,107
2021-01-05T11:00:00Z,2021-01-05T14:40:04Z,Hamburg,HH,02,616,1704,2698,0,2060,NA,NA,2.5746337940715214,NA,NA,0,0,0,0
2021-01-06T10:00:00Z,2021-01-06T11:25:55Z,Hamburg,HH,02,1145,1996,3495,44,2122,NA,NA,3.1944730905836938,NA,NA,292,44,797,62
2021-01-07T10:00:00Z,2021-01-07T11:26:32Z,Hamburg,HH,02,1178,2415,3561,86,2271,NA,NA,3.832176751100147,NA,NA,419,42,66,149
2021-01-08T10:00:00Z,2021-01-08T11:29:29Z,Hamburg,HH,02,1392,2788,4313,108,2352,NA,NA,4.585728105462544,NA,NA,373,22,752,81
2021-01-09T10:00:00Z,2021-01-09T16:21:48Z,Hamburg,HH,02,1417,3172,5188,116,2579,NA,NA,5.352813068919092,NA,NA,384,8,875,227
2021-01-11T10:00:00Z,2021-01-11T12:31:26Z,Hamburg,HH,02,1336,4312,6397,144,3361,NA,NA,6.872366698010506,NA,NA,1140,28,1209,782
2021-01-12T10:00:00Z,2021-01-12T11:38:30Z,Hamburg,HH,02,1578,4944,6649,692,3675,NA,NA,7.726608104033394,NA,NA,632,548,252,314
2021-01-13T10:00:00Z,2021-01-13T12:40:02Z,Hamburg,HH,02,1707,5578,6866,1503,3891,NA,NA,8.650682932982109,NA,NA,634,811,217,216
2021-01-13T10:00:00Z,2021-01-13T14:40:05Z,Hamburg,HH,02,1707,5578,6866,1503,3891,NA,NA,8.650682932982109,NA,NA,0,0,0,0
2021-01-14T10:00:00Z,2021-01-14T12:40:09Z,Hamburg,HH,02,2129,6274,8161,1729,4195,NA,NA,9.825400202354524,NA,NA,696,226,1295,304
2021-01-15T10:00:00Z,2021-01-15T12:39:03Z,Hamburg,HH,02,1272,6851,8250,2263,4486,NA,NA,10.513990233064987,NA,NA,577,534,89,291
2021-01-16T10:00:00Z,2021-01-16T13:50:13Z,Hamburg,HH,02,1706,7822,9606,2270,5348,NA,NA,11.883050129029428,NA,NA,971,7,1356,862
2020-12-28T15:15:00Z,2020-12-28T14:39:57Z,Hessen,HE,06,NA,1086,1694,154,1347,NA,NA,NA,NA,NA,1086,154,1694,1347
2020-12-29T07:00:00Z,2020-12-30T10:09:36Z,Hessen,HE,06,1242,1480,2425,287,1702,NA,NA,NA,NA,NA,394,133,731,355
2020-12-30T10:00:00Z,2020-12-30T19:07:30Z,Hessen,HE,06,5094,3041,5092,500,3825,NA,NA,NA,NA,NA,1561,213,2667,2123
2020-12-31T07:30:00Z,2020-12-31T12:20:43Z,Hessen,HE,06,6226,4677,8681,712,6512,NA,NA,NA,NA,NA,1636,212,3589,2687
2021-01-01T11:30:00Z,2021-01-01T13:31:06Z,Hessen,HE,06,5699,6073,12345,821,8513,NA,NA,NA,NA,NA,1396,109,3664,2001
2021-01-02T07:00:00Z,2021-01-02T14:39:57Z,Hessen,HE,06,3418,6909,14480,955,9680,NA,NA,NA,NA,NA,836,134,2135,1167
2021-01-03T07:00:00Z,2021-01-03T12:06:44Z,Hessen,HE,06,5294,8443,17635,1096,11569,NA,NA,NA,NA,NA,1534,141,3155,1889
2021-01-04T11:00:00Z,2021-01-04T12:06:45Z,Hessen,HE,06,3320,9387,19405,1185,12955,NA,NA,5.312432411801376,NA,NA,944,89,1770,1386
2021-01-05T11:00:00Z,2021-01-05T12:25:59Z,Hessen,HE,06,4390,10329,22051,1492,14561,NA,NA,6.010578745817483,NA,NA,942,307,2646,1606
2021-01-05T11:00:00Z,2021-01-05T14:40:04Z,Hessen,HE,06,4390,10329,22051,1492,14561,NA,NA,6.010578745817483,NA,NA,0,0,0,0
2021-01-06T10:00:00Z,2021-01-06T11:25:55Z,Hessen,HE,06,3503,11393,23963,1657,15925,NA,NA,6.567664533530108,NA,NA,1064,165,1912,1364
2021-01-07T10:00:00Z,2021-01-07T11:26:32Z,Hessen,HE,06,2824,11916,25931,1853,16780,NA,NA,7.016768234500833,NA,NA,523,196,1968,855
2021-01-08T10:00:00Z,2021-01-08T11:29:29Z,Hessen,HE,06,1884,12286,27009,2101,17520,NA,NA,7.316382743222096,NA,NA,370,248,1078,740
2021-01-09T10:00:00Z,2021-01-09T16:21:48Z,Hessen,HE,06,2647,12574,28861,2320,18148,NA,NA,7.7373379473543595,NA,NA,288,219,1852,628
2021-01-11T10:00:00Z,2021-01-11T12:31:26Z,Hessen,HE,06,2120,14595,31645,2723,20567,NA,NA,8.645087212630882,NA,NA,2021,403,2784,2419
2021-01-12T10:00:00Z,2021-01-12T11:38:30Z,Hessen,HE,06,3114,15315,33237,2915,22059,NA,NA,9.140309919721123,NA,NA,720,192,1592,1492
2021-01-13T10:00:00Z,2021-01-13T12:40:02Z,Hessen,HE,06,2869,15955,34864,3172,23182,NA,NA,9.596570018193152,NA,NA,640,257,1627,1123
2021-01-13T10:00:00Z,2021-01-13T14:40:05Z,Hessen,HE,06,2869,15955,34864,3172,23182,NA,NA,9.596570018193152,NA,NA,0,0,0,0
2021-01-14T10:00:00Z,2021-01-14T12:40:09Z,Hessen,HE,06,1827,16135,35893,3338,24013,NA,NA,9.887119756746097,NA,NA,180,166,1029,831
2021-01-15T10:00:00Z,2021-01-15T12:39:03Z,Hessen,HE,06,3502,17201,37398,3700,25588,NA,NA,10.444046513403137,NA,NA,1066,362,1505,1575
2021-01-16T10:00:00Z,2021-01-16T13:50:13Z,Hessen,HE,06,4252,18056,39725,3952,27404,NA,NA,11.120246561748578,NA,NA,855,252,2327,1816
2020-12-28T15:15:00Z,2020-12-28T14:39:57Z,Mecklenburg-Vorpommern,MV,13,NA,NA,240,NA,350,in einigen Bundesländern werden nicht alle der in der Tabelle aufgeführten Indikationen einzeln ausgewiesen,NA,NA,NA,NA,NA,NA,240,350
2020-12-29T07:00:00Z,2020-12-30T10:09:36Z,Mecklenburg-Vorpommern,MV,13,3488,100,1862,2,2209,NA,NA,NA,NA,NA,100,2,1622,1859
2020-12-30T10:00:00Z,2020-12-30T19:07:30Z,Mecklenburg-Vorpommern,MV,13,3711,87,4011,4,3231,NA,NA,NA,NA,NA,-13,2,2149,1022
2020-12-31T07:30:00Z,2020-12-31T12:20:43Z,Mecklenburg-Vorpommern,MV,13,3640,173,6349,7,4651,NA,NA,NA,NA,NA,86,3,2338,1420
2021-01-01T11:30:00Z,2021-01-01T13:31:06Z,Mecklenburg-Vorpommern,MV,13,393,178,6583,8,4804,NA,NA,NA,NA,NA,5,1,234,153
2021-01-02T07:00:00Z,2021-01-02T14:39:57Z,Mecklenburg-Vorpommern,MV,13,NA,178,6583,8,4804,NA,NA,NA,NA,NA,0,0,0,0
2021-01-03T07:00:00Z,2021-01-03T12:06:44Z,Mecklenburg-Vorpommern,MV,13,NA,178,6583,8,4804,NA,NA,NA,NA,NA,0,0,0,0
2021-01-04T11:00:00Z,2021-01-04T12:06:45Z,Mecklenburg-Vorpommern,MV,13,NA,178,6583,8,4804,NA,NA,7.147396554275815,NA,NA,0,0,0,0
2021-01-05T11:00:00Z,2021-01-05T12:25:59Z,Mecklenburg-Vorpommern,MV,13,1773,242,7738,29,5968,NA,NA,8.601251882612065,NA,NA,64,21,1155,1164
2021-01-05T11:00:00Z,2021-01-05T14:40:04Z,Mecklenburg-Vorpommern,MV,13,1773,242,7738,29,5968,NA,NA,8.601251882612065,NA,NA,0,0,0,0
2021-01-06T10:00:00Z,2021-01-06T11:25:55Z,Mecklenburg-Vorpommern,MV,13,2570,456,10024,27,7828,NA,NA,11.201774972048419,NA,NA,214,-2,2286,1860
2021-01-07T10:00:00Z,2021-01-07T11:26:32Z,Mecklenburg-Vorpommern,MV,13,2359,811,11746,46,9712,NA,NA,13.501950703235668,NA,NA,355,19,1722,1884
2021-01-08T10:00:00Z,2021-01-08T11:29:29Z,Mecklenburg-Vorpommern,MV,13,1792,1260,12515,137,11130,NA,NA,14.961402566197677,NA,NA,449,91,769,1418
2021-01-09T10:00:00Z,2021-01-09T16:21:48Z,Mecklenburg-Vorpommern,MV,13,779,1473,13122,194,11541,NA,NA,15.633608558469486,NA,NA,213,57,607,411
2021-01-11T10:00:00Z,2021-01-11T12:31:26Z,Mecklenburg-Vorpommern,MV,13,0,1473,13122,194,11541,NA,NA,15.633608558469486,NA,NA,0,0,0,0
2021-01-12T10:00:00Z,2021-01-12T11:38:30Z,Mecklenburg-Vorpommern,MV,13,1553,1596,13895,342,12311,NA,NA,16.743587925911832,NA,NA,123,148,773,770
2021-01-13T10:00:00Z,2021-01-13T12:40:02Z,Mecklenburg-Vorpommern,MV,13,2059,2076,14928,376,13031,NA,NA,18.095461956623126,NA,NA,480,34,1033,720
2021-01-13T10:00:00Z,2021-01-13T14:40:05Z,Mecklenburg-Vorpommern,MV,13,2059,2076,14928,376,13031,NA,NA,18.095461956623126,NA,NA,0,0,0,0
2021-01-14T10:00:00Z,2021-01-14T12:40:09Z,Mecklenburg-Vorpommern,MV,13,2284,2516,16644,552,14696,NA,NA,20.519383286757726,NA,NA,440,176,1716,1665
2021-01-15T10:00:00Z,2021-01-15T12:39:03Z,Mecklenburg-Vorpommern,MV,13,2357,2976,17272,591,15315,NA,NA,21.98505352152614,NA,NA,460,39,628,619
2021-01-16T10:00:00Z,2021-01-16T13:50:13Z,Mecklenburg-Vorpommern,MV,13,1140,3454,18238,706,15991,NA,NA,23.36242287664367,NA,NA,478,115,966,676
2020-12-28T15:15:00Z,2020-12-28T14:39:57Z,Niedersachsen,NI,03,NA,42,116,140,306,NA,NA,NA,NA,NA,42,140,116,306
2020-12-29T07:00:00Z,2020-12-30T10:09:36Z,Niedersachsen,NI,03,501,79,370,141,552,NA,NA,NA,NA,NA,37,1,254,246
2020-12-30T10:00:00Z,2020-12-30T19:07:30Z,Niedersachsen,NI,03,692,83,824,145,794,NA,NA,NA,NA,NA,4,4,454,242
2020-12-31T07:30:00Z,2020-12-31T12:20:43Z,Niedersachsen,NI,03,1178,296,1512,315,1423,NA,NA,NA,NA,NA,213,170,688,629
2021-01-01T11:30:00Z,2021-01-01T13:31:06Z,Niedersachsen,NI,03,861,567,1981,654,2044,NA,NA,NA,NA,NA,271,339,469,621
2021-01-02T07:00:00Z,2021-01-02T14:39:57Z,Niedersachsen,NI,03,379,773,2105,827,2362,NA,NA,NA,NA,NA,206,173,124,318
2021-01-03T07:00:00Z,2021-01-03T12:06:44Z,Niedersachsen,NI,03,1017,912,2641,982,2918,NA,NA,NA,NA,NA,139,155,536,556
2021-01-04T11:00:00Z,2021-01-04T12:06:45Z,Niedersachsen,NI,03,432,992,2822,1035,3178,NA,NA,0.6747891565360724,NA,NA,80,53,181,260
2021-01-05T11:00:00Z,2021-01-05T12:25:59Z,Niedersachsen,NI,03,3271,1791,4198,1915,5251,NA,NA,1.083991108896008,NA,NA,799,880,1376,2073
2021-01-05T11:00:00Z,2021-01-05T14:40:04Z,Niedersachsen,NI,03,3271,1791,4198,1915,5251,NA,NA,1.083991108896008,NA,NA,0,0,0,0
2021-01-06T10:00:00Z,2021-01-06T11:25:55Z,Niedersachsen,NI,03,6499,3341,7376,3112,8940,NA,NA,1.89701571555673,NA,NA,1550,1197,3178,3689
2021-01-07T10:00:00Z,2021-01-07T11:26:32Z,Niedersachsen,NI,03,7444,5209,10900,4698,13321,NA,NA,2.8282597795638713,NA,NA,1868,1586,3524,4381
2021-01-08T10:00:00Z,2021-01-08T11:29:29Z,Niedersachsen,NI,03,7975,7075,15989,6226,18332,NA,NA,4.02446554797283,NA,NA,1866,1528,5089,5011
2021-01-09T10:00:00Z,2021-01-09T16:21:48Z,Niedersachsen,NI,03,7803,9369,20483,7978,22615,NA,NA,5.209912720263491,NA,NA,2294,1752,4494,4283
2021-01-11T10:00:00Z,2021-01-11T12:31:26Z,Niedersachsen,NI,03,513,9968,22613,8519,25233,NA,NA,5.672282153440599,NA,NA,599,541,2130,2618
2021-01-12T10:00:00Z,2021-01-12T11:38:30Z,Niedersachsen,NI,03,7607,11768,27608,9632,29107,NA,NA,6.776414355069701,NA,NA,1800,1113,4995,3874
2021-01-13T10:00:00Z,2021-01-13T12:40:02Z,Niedersachsen,NI,03,7749,13316,32710,10409,33078,NA,NA,7.906317147400773,NA,NA,1548,777,5102,3971
2021-01-13T10:00:00Z,2021-01-13T14:40:05Z,Niedersachsen,NI,03,7749,13316,32710,10409,33078,NA,NA,7.906317147400773,NA,NA,0,0,0,0
2021-01-14T10:00:00Z,2021-01-14T12:40:09Z,Niedersachsen,NI,03,6679,14524,36884,11194,36307,NA,NA,8.812541220435127,NA,NA,1208,785,4174,3229
2021-01-15T10:00:00Z,2021-01-15T12:39:03Z,Niedersachsen,NI,03,6442,15628,40754,11732,35319,NA,NA,9.764051477130227,NA,NA,1104,538,3870,-988
2021-01-16T10:00:00Z,2021-01-16T13:50:13Z,Niedersachsen,NI,03,7261,16901,45644,13058,38497,NA,NA,10.762974616718758,NA,NA,1273,1326,4890,3178
2020-12-28T15:15:00Z,2020-12-28T14:39:57Z,Nordrhein-Westfalen,NW,05,NA,NA,1370,NA,3985,in einigen Bundesländern werden nicht alle der in der Tabelle aufgeführten Indikationen einzeln ausgewiesen,NA,NA,NA,NA,NA,NA,1370,3985
2020-12-29T07:00:00Z,2020-12-30T10:09:36Z,Nordrhein-Westfalen,NW,05,518,NA,1788,NA,5348,NA,NA,NA,NA,NA,NA,NA,418,1363
2020-12-30T10:00:00Z,2020-12-30T19:07:30Z,Nordrhein-Westfalen,NW,05,3857,0,2771,0,8622,NA,NA,NA,NA,NA,0,0,983,3274
2020-12-31T07:30:00Z,2020-12-31T12:20:43Z,Nordrhein-Westfalen,NW,05,7359,NA,6610,NA,13693,NA,NA,NA,NA,NA,NA,NA,3839,5071
2021-01-01T11:30:00Z,2021-01-01T13:31:06Z,Nordrhein-Westfalen,NW,05,3033,NA,8963,NA,16334,NA,(für den 31.12. wurden keine Daten aus der KV-Nordrhein übermittelt),NA,NA,NA,NA,NA,2353,2641
2021-01-02T07:00:00Z,2021-01-02T14:39:57Z,Nordrhein-Westfalen,NW,05,7908,NA,11846,0,21537,NA,NA,NA,NA,NA,NA,0,2883,5203
2021-01-03T07:00:00Z,2021-01-03T12:06:44Z,Nordrhein-Westfalen,NW,05,13142,NA,18806,NA,29893,NA,NA,NA,NA,NA,NA,NA,6960,8356
2021-01-04T11:00:00Z,2021-01-04T12:06:45Z,Nordrhein-Westfalen,NW,05,3539,0,21354,0,32495,NA,NA,2.999963058347585,NA,NA,0,0,2548,2602
2021-01-05T11:00:00Z,2021-01-05T12:25:59Z,Nordrhein-Westfalen,NW,05,4435,0,25744,0,36956,NA,NA,3.4931313321432884,NA,NA,0,0,4390,4461
2021-01-05T11:00:00Z,2021-01-05T14:40:04Z,Nordrhein-Westfalen,NW,05,4435,0,25744,0,36956,NA,NA,3.4931313321432884,NA,NA,0,0,0,0
2021-01-06T10:00:00Z,2021-01-06T11:25:55Z,Nordrhein-Westfalen,NW,05,4160,NA,28846,NA,40387,NA,NA,3.8571431198178256,NA,NA,NA,NA,3102,3431
2021-01-07T10:00:00Z,2021-01-07T11:26:32Z,Nordrhein-Westfalen,NW,05,8851,NA,33961,NA,45625,NA,NA,4.43400123060835,NA,NA,NA,NA,5115,5238
2021-01-08T10:00:00Z,2021-01-08T11:29:29Z,Nordrhein-Westfalen,NW,05,5986,0,39465,0,51345,NA,NA,5.059390531826627,NA,NA,0,0,5504,5720
2021-01-09T10:00:00Z,2021-01-09T16:21:48Z,Nordrhein-Westfalen,NW,05,6574,0,43671,0,55287,NA,NA,5.513388395897058,NA,NA,0,0,4206,3942
2021-01-11T10:00:00Z,2021-01-11T12:31:26Z,Nordrhein-Westfalen,NW,05,3676,NA,52000,NA,62770,NA,NA,6.39441616058553,NA,NA,NA,NA,8329,7483
2021-01-12T10:00:00Z,2021-01-12T11:38:30Z,Nordrhein-Westfalen,NW,05,3783,0,57067,0,67578,NA,NA,6.944640621520178,NA,NA,0,0,5067,4808
2021-01-13T10:00:00Z,2021-01-13T12:40:02Z,Nordrhein-Westfalen,NW,05,3994,0,59599,0,69881,NA,NA,7.2140416613803335,NA,NA,0,0,2532,2303
2021-01-13T10:00:00Z,2021-01-13T14:40:05Z,Nordrhein-Westfalen,NW,05,3994,0,59599,0,69881,NA,NA,7.2140416613803335,NA,NA,0,0,0,0
2021-01-14T10:00:00Z,2021-01-14T12:40:09Z,Nordrhein-Westfalen,NW,05,9594,NA,66156,NA,75918,NA,NA,7.915765900470051,NA,NA,NA,NA,6557,6037
2021-01-15T10:00:00Z,2021-01-15T12:39:03Z,Nordrhein-Westfalen,NW,05,25600,0,84253,0,92556,NA,NA,9.85116302964119,NA,NA,0,0,18097,16638
2021-01-16T10:00:00Z,2021-01-16T13:50:13Z,Nordrhein-Westfalen,NW,05,15395,0,94237,0,99628,NA,NA,10.80150514667424,NA,NA,0,0,9984,7072
2020-12-28T15:15:00Z,2020-12-28T14:39:57Z,Rheinland-Pfalz,RP,07,NA,NA,620,NA,632,in einigen Bundesländern werden nicht alle der in der Tabelle aufgeführten Indikationen einzeln ausgewiesen,NA,NA,NA,NA,NA,NA,620,632
2020-12-29T07:00:00Z,2020-12-30T10:09:36Z,Rheinland-Pfalz,RP,07,210,NA,715,NA,747,NA,NA,NA,NA,NA,NA,NA,95,115
2020-12-30T10:00:00Z,2020-12-30T19:07:30Z,Rheinland-Pfalz,RP,07,822,0,1011,0,1273,NA,NA,NA,NA,NA,0,0,296,526
2020-12-31T07:30:00Z,2020-12-31T12:20:43Z,Rheinland-Pfalz,RP,07,1673,NA,1941,NA,2306,NA,NA,NA,NA,NA,NA,NA,930,1033
2021-01-01T11:30:00Z,2021-01-01T13:31:06Z,Rheinland-Pfalz,RP,07,865,NA,2329,NA,2783,NA,NA,NA,NA,NA,NA,NA,388,477
2021-01-02T07:00:00Z,2021-01-02T14:39:57Z,Rheinland-Pfalz,RP,07,439,NA,3166,NA,3732,NA,NA,NA,NA,NA,NA,NA,837,949
2021-01-03T07:00:00Z,2021-01-03T12:06:44Z,Rheinland-Pfalz,RP,07,59,NA,3516,NA,3732,NA,(Nachmeldungen der mobilen Teams stehen noch aus),NA,NA,NA,NA,NA,350,0
2021-01-04T11:00:00Z,2021-01-04T12:06:45Z,Rheinland-Pfalz,RP,07,NA,0,3516,0,3732,NA,NA,1.770437648376134,NA,NA,0,0,0,0
2021-01-05T11:00:00Z,2021-01-05T12:25:59Z,Rheinland-Pfalz,RP,07,1609,0,5435,0,4456,NA,NA,2.4160318405199144,NA,NA,0,0,1919,724
2021-01-05T11:00:00Z,2021-01-05T14:40:04Z,Rheinland-Pfalz,RP,07,1609,0,5435,0,4456,NA,NA,2.4160318405199144,NA,NA,0,0,0,0
2021-01-06T10:00:00Z,2021-01-06T11:25:55Z,Rheinland-Pfalz,RP,07,2445,NA,7191,NA,5145,NA,NA,3.0132614280309036,NA,NA,NA,NA,1756,689
2021-01-07T10:00:00Z,2021-01-07T11:26:32Z,Rheinland-Pfalz,RP,07,3648,NA,9796,NA,6188,NA,NA,3.904342628538097,NA,NA,NA,NA,2605,1043
2021-01-08T10:00:00Z,2021-01-08T11:29:29Z,Rheinland-Pfalz,RP,07,4991,2154,11833,0,6805,NA,NA,5.07877201780306,NA,NA,2154,0,2037,617
2021-01-09T10:00:00Z,2021-01-09T16:21:48Z,Rheinland-Pfalz,RP,07,4376,3777,14104,4,7597,NA,NA,6.224378056832318,NA,NA,1623,4,2271,792
2021-01-11T10:00:00Z,2021-01-11T12:31:26Z,Rheinland-Pfalz,RP,07,1866,3852,16859,5,9278,NA,NA,7.326504804828057,NA,NA,75,1,2755,1681
2021-01-12T10:00:00Z,2021-01-12T11:38:30Z,Rheinland-Pfalz,RP,07,5947,7095,19277,9,10085,NA,NA,8.907392285552444,NA,NA,3243,4,2418,807
2021-01-13T10:00:00Z,2021-01-13T12:40:02Z,Rheinland-Pfalz,RP,07,8012,10246,22730,9,12341,NA,NA,11.07158621002989,NA,NA,3151,0,3453,2256
2021-01-13T10:00:00Z,2021-01-13T14:40:05Z,Rheinland-Pfalz,RP,07,8012,10246,22730,9,12341,NA,NA,11.07158621002989,NA,NA,0,0,0,0
2021-01-14T10:00:00Z,2021-01-14T12:40:09Z,Rheinland-Pfalz,RP,07,8109,14321,25773,10,14084,NA,NA,13.23651293154723,NA,NA,4075,1,3043,1743
2021-01-15T10:00:00Z,2021-01-15T12:39:03Z,Rheinland-Pfalz,RP,07,9154,17781,30548,16,15874,NA,NA,15.686497701582084,NA,NA,3460,6,4775,1790
2021-01-16T10:00:00Z,2021-01-16T13:50:13Z,Rheinland-Pfalz,RP,07,9270,22896,33721,20,17121,NA,NA,18.01434963163514,NA,NA,5115,4,3173,1247
2020-12-28T15:15:00Z,2020-12-28T14:39:57Z,Saarland,SL,10,NA,168,4,NA,211,NA,NA,NA,NA,NA,168,NA,4,211
2020-12-29T07:00:00Z,2020-12-30T10:09:36Z,Saarland,SL,10,647,658,51,NA,466,NA,NA,NA,NA,NA,490,NA,47,255
2020-12-30T10:00:00Z,2020-12-30T19:07:30Z,Saarland,SL,10,656,1177,101,0,711,NA,NA,NA,NA,NA,519,0,50,245
2020-12-31T07:30:00Z,2020-12-31T12:20:43Z,Saarland,SL,10,601,1641,161,NA,899,NA,NA,NA,NA,NA,464,NA,60,188
2021-01-01T11:30:00Z,2021-01-01T13:31:06Z,Saarland,SL,10,597,2065,248,NA,1080,NA,NA,NA,NA,NA,424,NA,87,181
2021-01-02T07:00:00Z,2021-01-02T14:39:57Z,Saarland,SL,10,600,2508,335,NA,1294,NA,NA,NA,NA,NA,443,NA,87,214
2021-01-03T07:00:00Z,2021-01-03T12:06:44Z,Saarland,SL,10,833,3122,495,NA,1580,NA,NA,NA,NA,NA,614,NA,160,286
2021-01-04T11:00:00Z,2021-01-04T12:06:45Z,Saarland,SL,10,NA,3122,495,0,1580,NA,NA,4.204128740169847,NA,NA,0,0,0,0
2021-01-05T11:00:00Z,2021-01-05T12:25:59Z,Saarland,SL,10,687,3655,584,0,1823,NA,NA,4.9002570709716515,NA,NA,533,0,89,243
2021-01-05T11:00:00Z,2021-01-05T14:40:04Z,Saarland,SL,10,687,3655,584,0,1823,NA,NA,4.9002570709716515,NA,NA,0,0,0,0
2021-01-06T10:00:00Z,2021-01-06T11:25:55Z,Saarland,SL,10,797,4279,672,NA,2156,NA,NA,5.707846997680585,NA,NA,624,NA,88,333
2021-01-07T10:00:00Z,2021-01-07T11:26:32Z,Saarland,SL,10,878,4940,813,NA,2430,NA,NA,6.597513190466588,NA,NA,661,NA,141,274
2021-01-08T10:00:00Z,2021-01-08T11:29:29Z,Saarland,SL,10,837,5596,966,0,2663,NA,NA,7.455767478951491,NA,NA,656,0,153,233
2021-01-09T10:00:00Z,2021-01-09T16:21:48Z,Saarland,SL,10,874,6236,1104,0,2938,NA,NA,8.341380522795417,NA,NA,640,0,138,275
2021-01-11T10:00:00Z,2021-01-11T12:31:26Z,Saarland,SL,10,0,6956,1229,NA,3253,NA,NA,9.27867121565083,NA,NA,720,NA,125,315
2021-01-12T10:00:00Z,2021-01-12T11:38:30Z,Saarland,SL,10,973,7656,1435,0,3535,NA,NA,10.264599695811171,NA,NA,700,0,206,282
2021-01-13T10:00:00Z,2021-01-13T12:40:02Z,Saarland,SL,10,1069,8358,1791,0,3790,NA,NA,11.347803750581374,NA,NA,702,0,356,255
2021-01-13T10:00:00Z,2021-01-13T14:40:05Z,Saarland,SL,10,1069,8358,1791,0,3790,NA,NA,11.347803750581374,NA,NA,0,0,0,0
2021-01-14T10:00:00Z,2021-01-14T12:40:09Z,Saarland,SL,10,1046,9064,2024,NA,4124,NA,NA,12.405675624463592,NA,NA,706,NA,233,334
2021-01-15T10:00:00Z,2021-01-15T12:39:03Z,Saarland,SL,10,1052,9796,2256,0,4461,NA,NA,13.47773351964308,NA,NA,732,0,232,337
2021-01-16T10:00:00Z,2021-01-16T13:50:13Z,Saarland,SL,10,1120,10634,2421,0,4899,NA,NA,14.612615223424768,NA,NA,838,0,165,438
2020-12-28T15:15:00Z,2020-12-28T14:39:57Z,Sachsen,SN,14,NA,90,69,0,113,NA,NA,NA,NA,NA,90,0,69,113
2020-12-29T07:00:00Z,2020-12-30T10:09:36Z,Sachsen,SN,14,675,240,551,1,305,NA,NA,NA,NA,NA,150,1,482,192
2020-12-30T10:00:00Z,2020-12-30T19:07:30Z,Sachsen,SN,14,812,150,1294,1,192,NA,NA,NA,NA,NA,-90,0,743,-113
2020-12-31T07:30:00Z,2020-12-31T12:20:43Z,Sachsen,SN,14,1166,150,2460,1,192,NA,NA,NA,NA,NA,0,0,1166,0
2021-01-01T11:30:00Z,2021-01-01T13:31:06Z,Sachsen,SN,14,637,226,2754,1,535,NA,NA,NA,NA,NA,76,0,294,343
2021-01-02T07:00:00Z,2021-01-02T14:39:57Z,Sachsen,SN,14,710,297,3320,1,679,NA,NA,NA,NA,NA,71,0,566,144
2021-01-03T07:00:00Z,2021-01-03T12:06:44Z,Sachsen,SN,14,343,368,3535,1,807,NA,NA,NA,NA,NA,71,0,215,128
2021-01-04T11:00:00Z,2021-01-04T12:06:45Z,Sachsen,SN,14,523,487,3765,1,1100,NA,NA,1.194998687367862,NA,NA,119,0,230,293
2021-01-05T11:00:00Z,2021-01-05T12:25:59Z,Sachsen,SN,14,2874,662,6354,1,1385,NA,NA,1.9007993917441948,NA,NA,175,0,2589,285
2021-01-05T11:00:00Z,2021-01-05T14:40:04Z,Sachsen,SN,14,2874,662,6354,1,1385,NA,NA,1.9007993917441948,NA,NA,0,0,0,0
2021-01-06T10:00:00Z,2021-01-06T11:25:55Z,Sachsen,SN,14,3027,820,8945,1,1821,NA,NA,2.6441740375852385,NA,NA,158,0,2591,436
2021-01-07T10:00:00Z,2021-01-07T11:26:32Z,Sachsen,SN,14,2239,858,11072,1,1933,NA,NA,3.194030605817183,NA,NA,38,0,2127,112
2021-01-08T10:00:00Z,2021-01-08T11:29:29Z,Sachsen,SN,14,2587,985,13343,1,2249,NA,NA,3.8293494722825874,NA,NA,127,0,2271,316
2021-01-09T10:00:00Z,2021-01-09T16:21:48Z,Sachsen,SN,14,2398,1024,15283,1,2707,NA,NA,4.4182534698798195,NA,NA,39,0,1940,458
2021-01-11T10:00:00Z,2021-01-11T12:31:26Z,Sachsen,SN,14,715,1357,16051,1,3704,NA,NA,4.85170449396619,NA,NA,333,0,768,997
2021-01-12T10:00:00Z,2021-01-12T11:38:30Z,Sachsen,SN,14,3945,1805,19173,1,4527,NA,NA,5.820522788595499,NA,NA,448,0,3122,823
2021-01-13T10:00:00Z,2021-01-13T12:40:02Z,Sachsen,SN,14,5720,2210,23650,1,5770,NA,NA,7.225247920478805,NA,NA,405,0,4477,1243
2021-01-13T10:00:00Z,2021-01-13T14:40:05Z,Sachsen,SN,14,5720,2210,23650,1,5770,NA,NA,7.225247920478805,NA,NA,0,0,0,0
2021-01-14T10:00:00Z,2021-01-14T12:40:09Z,Sachsen,SN,14,5167,2528,27920,1,6667,NA,NA,8.494166584192273,NA,NA,318,0,4270,897
2021-01-15T10:00:00Z,2021-01-15T12:39:03Z,Sachsen,SN,14,4744,3005,31443,1,7888,NA,NA,9.659204350915072,NA,NA,477,0,3523,1221
2021-01-16T10:00:00Z,2021-01-16T13:50:13Z,Sachsen,SN,14,4119,3555,34444,1,9006,NA,NA,10.670753794661112,NA,NA,550,0,3001,1118
2020-12-28T15:15:00Z,2020-12-28T14:39:57Z,Sachsen-Anhalt,ST,15,1357,669,644,0,847,In Sachsen-Anhalt wurde bereits am 26.12.2020 mit den Impfungen begonnen.,NA,NA,NA,NA,669,0,644,847
2020-12-29T07:00:00Z,2020-12-30T10:09:36Z,Sachsen-Anhalt,ST,15,2481,1592,1678,124,2292,NA,NA,NA,NA,NA,923,124,1034,1445
2020-12-30T10:00:00Z,2020-12-30T19:07:30Z,Sachsen-Anhalt,ST,15,3302,2620,3209,262,3942,NA,NA,NA,NA,NA,1028,138,1531,1650
2020-12-31T07:30:00Z,2020-12-31T12:20:43Z,Sachsen-Anhalt,ST,15,2813,3107,5068,300,4815,NA,NA,NA,NA,NA,487,38,1859,873
2021-01-01T11:30:00Z,2021-01-01T13:31:06Z,Sachsen-Anhalt,ST,15,1046,3506,5582,458,5346,NA,NA,NA,NA,NA,399,158,514,531
2021-01-02T07:00:00Z,2021-01-02T14:39:57Z,Sachsen-Anhalt,ST,15,625,3782,5760,495,5793,NA,NA,NA,NA,NA,276,37,178,447
2021-01-03T07:00:00Z,2021-01-03T12:06:44Z,Sachsen-Anhalt,ST,15,1051,4237,6194,546,6410,NA,NA,NA,NA,NA,455,51,434,617
2021-01-04T11:00:00Z,2021-01-04T12:06:45Z,Sachsen-Anhalt,ST,15,544,4391,6446,562,6702,NA,NA,6.089898677864134,NA,NA,154,16,252,292
2021-01-05T11:00:00Z,2021-01-05T12:25:59Z,Sachsen-Anhalt,ST,15,2262,4967,7523,649,7804,NA,NA,7.120524954186794,NA,NA,576,87,1077,1102
2021-01-05T11:00:00Z,2021-01-05T14:40:04Z,Sachsen-Anhalt,ST,15,2262,4967,7523,649,7804,NA,NA,7.120524954186794,NA,NA,0,0,0,0
2021-01-06T10:00:00Z,2021-01-06T11:25:55Z,Sachsen-Anhalt,ST,15,1495,5402,8196,738,8588,NA,NA,7.801685998882805,NA,NA,435,89,673,784
2021-01-07T10:00:00Z,2021-01-07T11:26:32Z,Sachsen-Anhalt,ST,15,501,5569,8461,738,8818,NA,NA,8.029954683426418,NA,NA,167,0,265,230
2021-01-08T10:00:00Z,2021-01-08T11:29:29Z,Sachsen-Anhalt,ST,15,1775,6008,9554,783,9500,NA,NA,8.838691040841415,NA,NA,439,45,1093,682
2021-01-09T10:00:00Z,2021-01-09T16:21:48Z,Sachsen-Anhalt,ST,15,1400,6427,10228,987,10214,NA,NA,9.476567604436342,NA,NA,419,204,674,714
2021-01-11T10:00:00Z,2021-01-11T12:31:26Z,Sachsen-Anhalt,ST,15,0,6860,10787,1057,10698,NA,NA,9.984590724728013,NA,NA,433,70,559,484
2021-01-12T10:00:00Z,2021-01-12T11:38:30Z,Sachsen-Anhalt,ST,15,2499,7572,11977,1075,11655,NA,NA,11.123200390744957,NA,NA,712,18,1190,957
2021-01-13T10:00:00Z,2021-01-13T12:40:02Z,Sachsen-Anhalt,ST,15,2907,8533,13373,1178,12736,NA,NA,12.447705512438137,NA,NA,961,103,1396,1081
2021-01-13T10:00:00Z,2021-01-13T14:40:05Z,Sachsen-Anhalt,ST,15,2907,8533,13373,1178,12736,NA,NA,12.447705512438137,NA,NA,0,0,0,0
2021-01-14T10:00:00Z,2021-01-14T12:40:09Z,Sachsen-Anhalt,ST,15,2128,9342,14226,1274,13632,NA,NA,13.417277889102426,NA,NA,809,96,853,896
2021-01-15T10:00:00Z,2021-01-15T12:39:03Z,Sachsen-Anhalt,ST,15,2275,10103,15590,1311,14302,NA,NA,14.453827304944182,NA,NA,761,37,1364,670
2021-01-16T10:00:00Z,2021-01-16T13:50:13Z,Sachsen-Anhalt,ST,15,1459,10605,16378,1352,14678,NA,NA,15.118585809433466,NA,NA,502,41,788,376
2020-12-28T15:15:00Z,2020-12-28T14:39:57Z,Schleswig-Holstein,SH,01,NA,213,239,344,553,NA,NA,NA,NA,NA,213,344,239,553
2020-12-29T07:00:00Z,2020-12-30T10:09:36Z,Schleswig-Holstein,SH,01,1686,588,528,584,1136,NA,NA,NA,NA,NA,375,240,289,583
2020-12-30T10:00:00Z,2020-12-30T19:07:30Z,Schleswig-Holstein,SH,01,1893,1016,1858,871,1698,NA,NA,NA,NA,NA,428,287,1330,562
2020-12-31T07:30:00Z,2020-12-31T12:20:43Z,Schleswig-Holstein,SH,01,1747,1385,3361,1175,2241,NA,NA,NA,NA,NA,369,304,1503,543
2021-01-01T11:30:00Z,2021-01-01T13:31:06Z,Schleswig-Holstein,SH,01,1689,1766,4523,1527,2817,NA,NA,NA,NA,NA,381,352,1162,576
2021-01-02T07:00:00Z,2021-01-02T14:39:57Z,Schleswig-Holstein,SH,01,694,2130,4690,1798,3384,NA,NA,NA,NA,NA,364,271,167,567
2021-01-03T07:00:00Z,2021-01-03T12:06:44Z,Schleswig-Holstein,SH,01,969,2525,5136,2077,3987,NA,NA,NA,NA,NA,395,279,446,603
2021-01-04T11:00:00Z,2021-01-04T12:06:45Z,Schleswig-Holstein,SH,01,624,2801,5317,2325,4512,NA,NA,3.2912352308531005,NA,NA,276,248,181,525
2021-01-05T11:00:00Z,2021-01-05T12:25:59Z,Schleswig-Holstein,SH,01,3421,3427,6611,2716,5616,NA,NA,4.469357625406669,NA,NA,626,391,1294,1104
2021-01-05T11:00:00Z,2021-01-05T14:40:04Z,Schleswig-Holstein,SH,01,3421,3427,6611,2716,5616,NA,NA,4.469357625406669,NA,NA,0,0,0,0
2021-01-06T10:00:00Z,2021-01-06T11:25:55Z,Schleswig-Holstein,SH,01,3444,4092,8459,2932,6665,NA,NA,5.859962194014477,NA,NA,665,216,1848,1049
2021-01-07T10:00:00Z,2021-01-07T11:26:32Z,Schleswig-Holstein,SH,01,3062,4842,9282,3234,7768,NA,NA,6.914452334944914,NA,NA,750,302,823,1103
2021-01-08T10:00:00Z,2021-01-08T11:29:29Z,Schleswig-Holstein,SH,01,3831,5606,10747,3655,9099,NA,NA,8.231704062266575,NA,NA,764,421,1465,1331
2021-01-09T10:00:00Z,2021-01-09T16:21:48Z,Schleswig-Holstein,SH,01,3936,6486,12623,3947,10551,NA,NA,9.725622491840788,NA,NA,880,292,1876,1452
2021-01-11T10:00:00Z,2021-01-11T12:31:26Z,Schleswig-Holstein,SH,01,0,7457,13050,4301,12323,NA,NA,10.824193213450226,NA,(Meldung steht noch aus),971,354,427,1772
2021-01-12T10:00:00Z,2021-01-12T11:38:30Z,Schleswig-Holstein,SH,01,3987,11324,15015,5175,16080,NA,NA,13.23312807165023,NA,NA,3867,874,1965,3757
2021-01-13T10:00:00Z,2021-01-13T12:40:02Z,Schleswig-Holstein,SH,01,4611,13202,17149,5452,18056,NA,NA,14.864109556773204,NA,NA,1878,277,2134,1976
2021-01-13T10:00:00Z,2021-01-13T14:40:05Z,Schleswig-Holstein,SH,01,4611,13202,17149,5452,18056,NA,NA,14.864109556773204,NA,NA,0,0,0,0
2021-01-14T10:00:00Z,2021-01-14T12:40:09Z,Schleswig-Holstein,SH,01,4303,14059,18157,5452,18099,NA,NA,16.35733922727431,NA,NA,857,0,1008,43
2021-01-15T10:00:00Z,2021-01-15T12:39:03Z,Schleswig-Holstein,SH,01,4677,14965,19722,5453,18214,NA,NA,18.16257675789395,NA,NA,906,1,1565,115
2021-01-16T10:00:00Z,2021-01-16T13:50:13Z,Schleswig-Holstein,SH,01,2563,15838,21709,5456,18262,NA,NA,19.171608799999174,NA,NA,873,3,1987,48
2020-12-28T15:15:00Z,2020-12-28T14:39:57Z,Thüringen,TH,16,NA,49,50,NA,49,NA,NA,NA,NA,NA,49,NA,50,49
2020-12-29T07:00:00Z,2020-12-30T10:09:36Z,Thüringen,TH,16,158,135,121,NA,135,NA,NA,NA,NA,NA,86,NA,71,86
2020-12-30T10:00:00Z,2020-12-30T19:07:30Z,Thüringen,TH,16,415,226,252,0,327,NA,NA,NA,NA,NA,91,0,131,192
2020-12-31T07:30:00Z,2020-12-31T12:20:43Z,Thüringen,TH,16,138,232,297,NA,413,NA,NA,NA,NA,NA,6,NA,45,86
2021-01-01T11:30:00Z,2021-01-01T13:31:06Z,Thüringen,TH,16,0,232,297,0,413,NA,NA,NA,NA,NA,0,0,0,0
2021-01-02T07:00:00Z,2021-01-02T14:39:57Z,Thüringen,TH,16,NA,232,297,NA,413,NA,NA,NA,NA,NA,0,NA,0,0
2021-01-03T07:00:00Z,2021-01-03T12:06:44Z,Thüringen,TH,16,NA,232,297,NA,413,NA,NA,NA,NA,NA,0,NA,0,0
2021-01-04T11:00:00Z,2021-01-04T12:06:45Z,Thüringen,TH,16,NA,232,297,0,413,NA,NA,0.37967955045941226,NA,NA,0,0,0,0
2021-01-05T11:00:00Z,2021-01-05T12:25:59Z,Thüringen,TH,16,493,446,1976,1,413,NA,NA,1.2726296043176597,NA,NA,214,1,1679,0
2021-01-05T11:00:00Z,2021-01-05T14:40:04Z,Thüringen,TH,16,493,446,1976,1,413,NA,NA,1.2726296043176597,NA,NA,0,0,0,0
2021-01-06T10:00:00Z,2021-01-06T11:25:55Z,Thüringen,TH,16,500,468,2856,7,500,NA,NA,1.739494829327011,NA,NA,22,6,880,87
2021-01-07T10:00:00Z,2021-01-07T11:26:32Z,Thüringen,TH,16,1165,650,4096,21,583,NA,NA,2.504478812474864,NA,NA,182,14,1240,83
2021-01-08T10:00:00Z,2021-01-08T11:29:29Z,Thüringen,TH,16,974,782,6399,22,731,NA,NA,3.7471090449043727,NA,NA,132,1,2303,148
2021-01-09T10:00:00Z,2021-01-09T16:21:48Z,Thüringen,TH,16,1000,903,8583,25,924,NA,NA,4.927396832628817,NA,NA,121,3,2184,193
2021-01-11T10:00:00Z,2021-01-11T12:31:26Z,Thüringen,TH,16,0,903,8861,25,924,NA,NA,5.057706604267973,NA,(Meldung aus KH steht noch aus),0,0,278,0
2021-01-12T10:00:00Z,2021-01-12T11:38:30Z,Thüringen,TH,16,1242,1074,9827,45,1249,NA,NA,5.8672209050623,NA,NA,171,20,966,325
2021-01-13T10:00:00Z,2021-01-13T12:40:02Z,Thüringen,TH,16,740,1149,9798,81,1491,NA,NA,6.121746825925832,NA,NA,75,36,-29,242
2021-01-13T10:00:00Z,2021-01-13T14:40:05Z,Thüringen,TH,16,740,1149,9798,81,1491,NA,NA,6.121746825925832,NA,NA,0,0,0,0
2021-01-14T10:00:00Z,2021-01-14T12:40:09Z,Thüringen,TH,16,744,1150,10998,82,1491,NA,NA,6.583455908891907,NA,NA,1,1,1200,0
2021-01-15T10:00:00Z,2021-01-15T12:39:03Z,Thüringen,TH,16,2060,3428,13211,248,2150,NA,NA,9.013873772017899,NA,NA,2278,166,2213,659
2021-01-16T10:00:00Z,2021-01-16T13:50:13Z,Thüringen,TH,16,2092,4383,14578,413,2582,NA,NA,10.316502748223709,NA,NA,955,165,1367,432
